file,window_id,start_time,end_time,window_center_time,class_label,expected_family,transition_phase,mean_dT,mean_dAH,delta_half_in_hum,delta_half_dAH,slope_in_temp,slope_AH_in,hole_time
2026-03-04 120007_seal_unheated-2026-03-04 163909_unseal_unheated,W0001,2026-03-04 12:00:00,2026-03-05 12:00:00,2026-03-05 00:00:00,外部高湿驱动工况,transition_run,post_transition,0.04866295264623961,-4.255753502804394,1.5026601671309123,0.14100528604407803,-0.07438999541338322,-0.01642553770004929,2026-03-04 16:39:09
2026-03-04 120007_seal_unheated-2026-03-04 163909_unseal_unheated,W0002,2026-03-04 13:00:00,2026-03-05 13:00:00,2026-03-05 01:00:00,外部高湿驱动工况,transition_run,post_transition,0.016239554317548793,-4.269130114505864,1.4119220055710429,0.18749535575850196,-0.06845688758680325,-0.014854668496624762,2026-03-04 16:39:09
2026-03-04 120007_seal_unheated-2026-03-04 163909_unseal_unheated,W0003,2026-03-04 14:00:00,2026-03-05 14:00:00,2026-03-05 02:00:00,外部高湿驱动工况,transition_run,post_transition,0.003516713091922042,-4.268997852287798,1.3458356545960939,0.20213406336651385,-0.06703231715714834,-0.014976545457198282,2026-03-04 16:39:09
2026-03-04 120007_seal_unheated-2026-03-04 163909_unseal_unheated,W0004,2026-03-04 15:00:00,2026-03-05 15:00:00,2026-03-05 03:00:00,外部高湿驱动工况,transition_run,post_transition,-0.0007863604732080494,-4.2623337294622194,1.2845446902809243,0.19902415467817214,-0.06640760178225553,-0.015418573304986732,2026-03-04 16:39:09
2026-03-04 120007_seal_unheated-2026-03-04 163909_unseal_unheated,W0005,2026-03-04 16:00:00,2026-03-05 16:00:00,2026-03-05 04:00:00,外部高湿驱动工况,transition_run,post_transition,-0.0025956854558107046,-4.252214775863608,1.21792523661383,0.18297073829303567,-0.06495846605716803,-0.015602202293625212,2026-03-04 16:39:09
2026-03-04 120007_seal_unheated-2026-03-04 163909_unseal_unheated,W0006,2026-03-04 17:00:00,2026-03-05 17:00:00,2026-03-05 05:00:00,外部高湿驱动工况,transition_run,post_transition,-0.007428769979152169,-4.244525317630704,1.1546182004327008,0.16693600431293554,-0.06237560086485416,-0.015329207484186034,2026-03-04 16:39:09
2026-03-04 120007_seal_unheated-2026-03-04 163909_unseal_unheated,W0007,2026-03-04 18:00:00,2026-03-05 18:00:00,2026-03-05 06:00:00,外部高湿驱动工况,transition_run,post_transition,-0.010535093815149398,-4.236341778199131,1.1126871233194322,0.14831054882625594,-0.05942713139298894,-0.014557218709637687,2026-03-04 16:39:09
2026-03-04 120007_seal_unheated-2026-03-04 163909_unseal_unheated,W0008,2026-03-04 19:00:00,2026-03-05 19:00:00,2026-03-05 07:00:00,外部高湿驱动工况,transition_run,post_transition,-0.010965948575399608,-4.226029998746343,1.0788265917168758,0.12455180687759704,-0.055346805178742235,-0.013166509466371401,2026-03-04 16:39:09
2026-03-04 120007_seal_unheated-2026-03-04 163909_unseal_unheated,W0009,2026-03-04 20:00:00,2026-03-05 20:00:00,2026-03-05 08:00:00,外部高湿驱动工况,transition_run,post_transition,-0.010535093815149454,-4.214519129533817,1.0484879269046417,0.0982589181880984,-0.05006916076638441,-0.011207468362263835,2026-03-04 16:39:09
2026-03-04 120007_seal_unheated-2026-03-04 163909_unseal_unheated,W0010,2026-03-04 21:00:00,2026-03-05 21:00:00,2026-03-05 09:00:00,外部高湿驱动工况,transition_run,post_transition,-0.010291869353717885,-4.202558374729591,1.0180419371040088,0.07131369293454881,-0.044005540977280835,-0.008855936191994557,2026-03-04 16:39:09
2026-03-04 120007_seal_unheated-2026-03-04 163909_unseal_unheated,W0011,2026-03-04 22:00:00,2026-03-05 22:00:00,2026-03-05 10:00:00,外部高湿驱动工况,transition_run,post_transition,-0.01190410006949272,-4.192161264513064,0.987431231648884,0.04883399464450733,-0.037546939998291014,-0.006329523869042435,2026-03-04 16:39:09
2026-03-04 120007_seal_unheated-2026-03-04 163909_unseal_unheated,W0012,2026-03-04 23:00:00,2026-03-05 23:00:00,2026-03-05 11:00:00,外部高湿驱动工况,transition_run,post_transition,-0.014760250173731794,-4.18329943146214,0.9569901290372513,0.03135526069793926,-0.031461437194373006,-0.003987695739812865,2026-03-04 16:39:09
2026-03-04 120007_seal_unheated-2026-03-04 163909_unseal_unheated,W0013,2026-03-05 00:00:00,2026-03-06 00:00:00,2026-03-05 12:00:00,外部高湿驱动工况,transition_run,post_transition,-0.017824878387769305,-4.175386782197865,0.9279696337505783,0.020032196830644722,-0.026090967795166262,-0.0019350135981923016,2026-03-04 16:39:09
2026-03-04 120007_seal_unheated-2026-03-04 163909_unseal_unheated,W0014,2026-03-05 01:00:00,2026-03-06 01:00:00,2026-03-05 13:00:00,外部高湿驱动工况,transition_run,post_transition,-0.02090340514246007,-4.168224402757355,0.9018012865090483,0.015000276618645003,-0.021644284077189702,-0.00026483185139376233,2026-03-04 16:39:09
2026-03-04 120007_seal_unheated-2026-03-04 163909_unseal_unheated,W0015,2026-03-05 02:00:00,2026-03-06 02:00:00,2026-03-05 14:00:00,外部高湿驱动工况,transition_run,post_transition,-0.022604166666666686,-4.161112794978369,0.8773611111111066,0.013966421685133845,-0.018149938465821837,0.0009884123848934328,2026-03-04 16:39:09
2026-03-04 120007_seal_unheated-2026-03-04 163909_unseal_unheated,W0016,2026-03-05 03:00:00,2026-03-06 03:00:00,2026-03-05 15:00:00,外部高湿驱动工况,transition_run,post_transition,-0.024868055555555577,-4.154629914865483,0.8555138888888933,0.016674683176305827,-0.015607505737617978,0.0018549017776757766,2026-03-04 16:39:09
2026-03-04 120007_seal_unheated-2026-03-04 163909_unseal_unheated,W0017,2026-03-05 04:00:00,2026-03-06 04:00:00,2026-03-05 16:00:00,外部高湿驱动工况,transition_run,post_transition,-0.02684722222222224,-4.148352348371589,0.8348194444444559,0.0250395605487439,-0.014022751773641347,0.0023262901103276623,2026-03-04 16:39:09
2026-03-04 120007_seal_unheated-2026-03-04 163909_unseal_unheated,W0018,2026-03-05 05:00:00,2026-03-06 05:00:00,2026-03-05 17:00:00,外部高湿驱动工况,transition_run,post_transition,-0.028194444444444466,-4.142064918394315,0.8151805555555569,0.03810080250196801,-0.013307459687130882,0.002422765562504364,2026-03-04 16:39:09
2026-03-04 120007_seal_unheated-2026-03-04 163909_unseal_unheated,W0019,2026-03-05 06:00:00,2026-03-06 06:00:00,2026-03-05 18:00:00,外部高湿驱动工况,transition_run,post_transition,-0.029006944444444478,-4.135563829777839,0.7976944444444385,0.05334841302593585,-0.013448820729872489,0.002176896711124366,2026-03-04 16:39:09
2026-03-04 120007_seal_unheated-2026-03-04 163909_unseal_unheated,W0020,2026-03-05 07:00:00,2026-03-06 07:00:00,2026-03-05 19:00:00,外部高湿驱动工况,transition_run,post_transition,-0.02994444444444449,-4.129333750108511,0.7822777777777858,0.06892724481563395,-0.014405007724853449,0.0015879168736670042,2026-03-04 16:39:09
2026-03-04 120007_seal_unheated-2026-03-04 163909_unseal_unheated,W0021,2026-03-05 08:00:00,2026-03-06 08:00:00,2026-03-05 20:00:00,外部高湿驱动工况,transition_run,post_transition,-0.030618055555555596,-4.123036369620772,0.7694999999999936,0.08477488441644088,-0.016056750583706373,0.0007130651491995266,2026-03-04 16:39:09
2026-03-04 120007_seal_unheated-2026-03-04 163909_unseal_unheated,W0022,2026-03-05 09:00:00,2026-03-06 09:00:00,2026-03-05 21:00:00,外部高湿驱动工况,transition_run,post_transition,-0.031097222222222262,-4.116809753503056,0.7586666666666702,0.10023310733153856,-0.018496536616905205,-0.0004615790884825564,2026-03-04 16:39:09
2026-03-04 120007_seal_unheated-2026-03-04 163909_unseal_unheated,W0023,2026-03-05 10:00:00,2026-03-06 10:00:00,2026-03-05 22:00:00,外部高湿驱动工况,transition_run,post_transition,-0.03211428571428575,-4.114341385481588,0.7301714285714382,0.10855594818026315,-0.02029710381595196,-0.0013173808584867725,2026-03-04 16:39:09
2026-03-06 160246_seal_unheated,W0001,2026-03-06 16:00:00,2026-03-07 16:00:00,2026-03-07 04:00:00,外部高湿驱动工况,transition_run,post_transition,0.44177576601671315,-4.8209610113084,2.1766573816155983,0.4338230272650465,-0.2838201316813026,-0.09092657018995837,
2026-03-06 160246_seal_unheated,W0002,2026-03-06 17:00:00,2026-03-07 17:00:00,2026-03-07 05:00:00,外部高湿驱动工况,transition_run,post_transition,0.45686805555555554,-4.8376715498860205,2.0034583333333273,0.4956646148744648,-0.2742642462621086,-0.08900324215469559,
2026-03-06 160246_seal_unheated,W0003,2026-03-06 18:00:00,2026-03-07 18:00:00,2026-03-07 06:00:00,外部高湿驱动工况,transition_run,post_transition,0.47373611111111114,-4.817777896518295,1.8455277777777752,0.475512296500912,-0.2626878766470903,-0.08590188570690846,
2026-03-06 160246_seal_unheated,W0004,2026-03-06 19:00:00,2026-03-07 19:00:00,2026-03-07 07:00:00,外部高湿驱动工况,transition_run,post_transition,0.4746041666666667,-4.791013816110796,1.703208333333329,0.4328500452482693,-0.2459303834615337,-0.08036634220033582,
2026-03-06 160246_seal_unheated,W0005,2026-03-06 20:00:00,2026-03-07 20:00:00,2026-03-07 08:00:00,外部高湿驱动工况,transition_run,post_transition,0.46627083333333336,-4.7622514390003134,1.570833333333347,0.38020621028339896,-0.22597839205342404,-0.07336550400449082,
2026-03-06 160246_seal_unheated,W0006,2026-03-06 21:00:00,2026-03-07 21:00:00,2026-03-07 09:00:00,外部高湿驱动工况,transition_run,post_transition,0.4543680555555556,-4.733116665989898,1.4514166666666597,0.3234927944241468,-0.20487006682003314,-0.06581699902195401,
2026-03-06 160246_seal_unheated,W0007,2026-03-06 22:00:00,2026-03-07 22:00:00,2026-03-07 10:00:00,外部高湿驱动工况,transition_run,post_transition,0.4419236111111111,-4.7045570490314175,1.3427361111111153,0.26575857256878166,-0.18389788661858505,-0.05826834868727448,
2026-03-06 160246_seal_unheated,W0008,2026-03-06 23:00:00,2026-03-07 23:00:00,2026-03-07 11:00:00,外部高湿驱动工况,transition_run,post_transition,0.4301319444444444,-4.6761734987264,1.2465277777777786,0.20549679361697937,-0.16355064765433386,-0.05092233166449022,
2026-03-06 160246_seal_unheated,W0009,2026-03-07 00:00:00,2026-03-08 00:00:00,2026-03-07 12:00:00,外部高湿驱动工况,transition_run,post_transition,0.41864583333333333,-4.6508160599650346,1.1608333333333434,0.15590847496066385,-0.1444734212796546,-0.044063429966405485,
2026-03-06 160246_seal_unheated,W0010,2026-03-07 01:00:00,2026-03-08 01:00:00,2026-03-07 13:00:00,外部高湿驱动工况,transition_run,post_transition,0.4070902777777778,-4.629158658911749,1.085430555555547,0.11599054671015185,-0.12707134895429034,-0.03782954136175798,
2026-03-06 160246_seal_unheated,W0011,2026-03-07 02:00:00,2026-03-08 02:00:00,2026-03-07 14:00:00,外部高湿驱动工况,transition_run,post_transition,0.3959166666666667,-4.610470353057597,1.0190555555555676,0.08495441710217477,-0.11138458327598943,-0.03224792821106594,
2026-03-06 160246_seal_unheated,W0012,2026-03-07 03:00:00,2026-03-08 03:00:00,2026-03-07 15:00:00,外部高湿驱动工况,transition_run,post_transition,0.38501388888888893,-4.5943458625659925,0.9580416666666665,0.06285225123037375,-0.09751154874661194,-0.027369838475875874,
2026-03-06 160246_seal_unheated,W0013,2026-03-07 04:00:00,2026-03-08 04:00:00,2026-03-07 16:00:00,外部高湿驱动工况,transition_run,post_transition,0.37480555555555556,-4.580123819242086,0.9023194444444513,0.04892516461771912,-0.08553331458661047,-0.023216011027808795,
2026-03-06 160246_seal_unheated,W0014,2026-03-07 05:00:00,2026-03-08 05:00:00,2026-03-07 17:00:00,外部高湿驱动工况,transition_run,post_transition,0.3653402777777777,-4.567972094194921,0.8520277777777778,0.04373429650773275,-0.07537580406011356,-0.01975837818374437,
2026-03-06 160246_seal_unheated,W0015,2026-03-07 06:00:00,2026-03-08 06:00:00,2026-03-07 18:00:00,外部高湿驱动工况,transition_run,post_transition,0.3569027777777778,-4.5574707941533585,0.8069722222222282,0.045101908228962095,-0.0670428800235531,-0.016985194008636347,
2026-03-06 160246_seal_unheated,W0016,2026-03-07 07:00:00,2026-03-08 07:00:00,2026-03-07 19:00:00,外部高湿驱动工况,transition_run,post_transition,0.34860416666666666,-4.54870594047883,0.7660694444444545,0.051765706015664215,-0.06052532174823263,-0.014879059804339633,
2026-03-06 160246_seal_unheated,W0017,2026-03-07 08:00:00,2026-03-08 08:00:00,2026-03-07 20:00:00,外部高湿驱动工况,transition_run,post_transition,0.3404861111111111,-4.541510129542953,0.7313055555555437,0.06127640863132289,-0.05564856600367927,-0.013345848086933587,
2026-03-06 160246_seal_unheated,W0018,2026-03-07 09:00:00,2026-03-08 09:00:00,2026-03-07 21:00:00,外部高湿驱动工况,transition_run,post_transition,0.33336805555555554,-4.534977995246125,0.700097222222233,0.07278454706339677,-0.052233827263985455,-0.012354496600112539,
2026-03-06 160246_seal_unheated,W0019,2026-03-07 10:00:00,2026-03-08 10:00:00,2026-03-07 22:00:00,外部高湿驱动工况,transition_run,post_transition,0.3268888888888889,-4.529496017510143,0.6723333333333414,0.08436349047376801,-0.05012734757485462,-0.0118213268471765,
2026-03-06 160246_seal_unheated,W0020,2026-03-07 11:00:00,2026-03-08 11:00:00,2026-03-07 23:00:00,外部高湿驱动工况,transition_run,post_transition,0.3211903064861012,-4.527803056774878,0.6358985535519039,0.09225877990472142,-0.04911091182337685,-0.011629659497047432,
2026-03-08 172014_seal_unheated,W0001,2026-03-08 17:00:00,2026-03-09 17:00:00,2026-03-09 05:00:00,外部高湿驱动工况,transition_run,pre_transition,0.26651030561478334,-4.584255666416605,0.34770239961851246,0.012898837409871078,-0.014356122113465783,-0.0018822888056074414,2026-03-10 10:00:00
2026-03-08 172014_seal_unheated,W0002,2026-03-08 18:00:00,2026-03-09 18:00:00,2026-03-09 06:00:00,外部高湿驱动工况,transition_run,pre_transition,0.26324229691876755,-4.587795993651074,0.3446498599439778,-0.0017497699853992188,-0.012271524703140472,-0.0012146582103068103,2026-03-10 10:00:00
2026-03-08 172014_seal_unheated,W0003,2026-03-08 19:00:00,2026-03-09 19:00:00,2026-03-09 07:00:00,外部高湿驱动工况,transition_run,pre_transition,0.26145138888888897,-4.591318023246202,0.3414583333333283,-0.019880248066097117,-0.009820456647647604,-0.0003674804235593723,2026-03-10 10:00:00
2026-03-08 172014_seal_unheated,W0004,2026-03-08 20:00:00,2026-03-09 20:00:00,2026-03-09 08:00:00,外部高湿驱动工况,transition_run,pre_transition,0.2600486111111112,-4.594839322725717,0.33498611111111387,-0.04028983397579644,-0.006724769484216678,0.0007274563430100941,2026-03-10 10:00:00
2026-03-08 172014_seal_unheated,W0005,2026-03-08 21:00:00,2026-03-09 21:00:00,2026-03-09 09:00:00,外部高湿驱动工况,transition_run,pre_transition,0.2587569444444446,-4.5985424424100225,0.32930555555556396,-0.05980363567472935,-0.003166232802848825,0.001995979755329438,2026-03-10 10:00:00
2026-03-08 172014_seal_unheated,W0006,2026-03-08 22:00:00,2026-03-09 22:00:00,2026-03-09 10:00:00,外部高湿驱动工况,transition_run,pre_transition,0.2576250000000001,-4.60236928030768,0.3234861111111158,-0.07746501852359433,0.0006501937964404248,0.003364875098808738,2026-03-10 10:00:00
2026-03-08 172014_seal_unheated,W0007,2026-03-08 23:00:00,2026-03-09 23:00:00,2026-03-09 11:00:00,外部高湿驱动工况,transition_run,pre_transition,0.2565486111111112,-4.606438109173666,0.3167361111111049,-0.09296308745161763,0.0044369948198155745,0.004725918486970602,2026-03-10 10:00:00
2026-03-08 172014_seal_unheated,W0008,2026-03-09 00:00:00,2026-03-10 00:00:00,2026-03-09 12:00:00,外部高湿驱动工况,transition_run,pre_transition,0.25565972222222233,-4.610509283387183,0.309888888888878,-0.10451364269988161,0.007961730625733071,0.0059651844841971,2026-03-10 10:00:00
2026-03-08 172014_seal_unheated,W0009,2026-03-09 01:00:00,2026-03-10 01:00:00,2026-03-09 13:00:00,外部高湿驱动工况,transition_run,pre_transition,0.25531250000000005,-4.6143164504719225,0.30308333333333337,-0.11194266808613662,0.011107124336878757,0.007065391744189493,2026-03-10 10:00:00
2026-03-08 172014_seal_unheated,W0010,2026-03-09 02:00:00,2026-03-10 02:00:00,2026-03-09 14:00:00,外部高湿驱动工况,transition_run,pre_transition,0.25476025017373183,-4.618276754372502,0.2971662996445801,-0.11562356941415963,0.013678932155860144,0.007952181842854544,2026-03-10 10:00:00
2026-03-08 172014_seal_unheated,W0011,2026-03-09 03:00:00,2026-03-10 03:00:00,2026-03-09 15:00:00,外部高湿驱动工况,transition_run,pre_transition,0.2546073662265463,-4.621788462887387,0.29080878148663913,-0.11662712612811976,0.015572885288085404,0.008597468998130704,2026-03-10 10:00:00
2026-03-08 172014_seal_unheated,W0012,2026-03-09 04:00:00,2026-03-10 04:00:00,2026-03-09 16:00:00,外部高湿驱动工况,transition_run,pre_transition,0.2541904100069493,-4.625407705624307,0.2837712872817306,-0.11221091061278088,0.016746335742700916,0.008962243433708428,2026-03-10 10:00:00
2026-03-08 172014_seal_unheated,W0013,2026-03-09 05:00:00,2026-03-10 05:00:00,2026-03-09 17:00:00,外部高湿驱动工况,transition_run,pre_transition,0.2544266851980543,-4.6285360460784535,0.2760808221295008,-0.10233413839530936,0.017100727504249826,0.009025219300774582,2026-03-10 10:00:00
2026-03-08 172014_seal_unheated,W0014,2026-03-09 06:00:00,2026-03-10 06:00:00,2026-03-09 18:00:00,外部高湿驱动工况,transition_run,pre_transition,0.25463194444444454,-4.63150531229777,0.2688055555555664,-0.08635243384732583,0.016670916151807498,0.00879501203628947,2026-03-10 10:00:00
2026-03-08 172014_seal_unheated,W0015,2026-03-09 07:00:00,2026-03-10 07:00:00,2026-03-09 19:00:00,外部高湿驱动工况,transition_run,pre_transition,0.2545694444444445,-4.634455698723149,0.26266666666667504,-0.06639510288779515,0.015383337248657345,0.00825321450290242,2026-03-10 10:00:00
2026-03-08 172014_seal_unheated,W0016,2026-03-09 08:00:00,2026-03-10 08:00:00,2026-03-09 20:00:00,外部高湿驱动工况,transition_run,pre_transition,0.2547500000000001,-4.637063343680966,0.25605555555555526,-0.04415820793470182,0.013192113825374397,0.007385524274864092,2026-03-10 10:00:00
2026-03-08 172014_seal_unheated,W0017,2026-03-09 09:00:00,2026-03-10 09:00:00,2026-03-09 21:00:00,外部高湿驱动工况,transition_run,pre_transition,0.2553125000000001,-4.639249582902751,0.2505000000000024,-0.021610645310728316,0.01014551346406519,0.006201755306475688,2026-03-10 10:00:00
2026-03-08 172014_seal_unheated,W0018,2026-03-09 10:00:00,2026-03-10 10:00:00,2026-03-09 22:00:00,外部高湿驱动工况,transition_run,pre_transition,0.2554722222222223,-4.641471521826041,0.2451944444444294,-0.00073946451313045,0.006470131942057593,0.004792928241128006,2026-03-10 10:00:00
2026-03-08 172014_seal_unheated,W0019,2026-03-09 11:00:00,2026-03-10 11:00:00,2026-03-09 23:00:00,外部高湿驱动工况,transition_run,pre_transition,0.25693055555555555,-4.641075570340986,0.27755555555555134,0.023688165116980464,0.0023565111427444533,0.003725551138382211,2026-03-10 10:00:00
2026-03-08 172014_seal_unheated,W0020,2026-03-09 12:00:00,2026-03-10 12:00:00,2026-03-10 00:00:00,外部高湿驱动工况,transition_run,pre_transition,0.25713194444444454,-4.641179141247707,0.3283194444444604,0.04317392697883271,-0.0017387450447479088,0.0028499909515259172,2026-03-10 10:00:00
2026-03-08 172014_seal_unheated,W0021,2026-03-09 13:00:00,2026-03-10 13:00:00,2026-03-10 01:00:00,外部高湿驱动工况,transition_run,pre_transition,0.2568611111111111,-4.6410206407457215,0.39383333333333326,0.05853428753853862,-0.005537194121730132,0.0022213823390091207,2026-03-10 10:00:00
2026-03-08 172014_seal_unheated,W0022,2026-03-09 14:00:00,2026-03-10 14:00:00,2026-03-10 02:00:00,外部高湿驱动工况,transition_run,pre_transition,0.25622916666666673,-4.64064520970772,0.4709583333333285,0.07080630879972638,-0.00870783121434461,0.00190347079945038,2026-03-10 10:00:00
2026-03-08 172014_seal_unheated,W0023,2026-03-09 15:00:00,2026-03-10 15:00:00,2026-03-10 03:00:00,外部高湿驱动工况,transition_run,pre_transition,0.25541666666666674,-4.6400723783220625,0.5604861111111177,0.07997824791607755,-0.011096095563626278,0.00196317545239344,2026-03-10 10:00:00
2026-03-08 172014_seal_unheated,W0024,2026-03-09 16:00:00,2026-03-10 16:00:00,2026-03-10 04:00:00,外部高湿驱动工况,transition_run,near_transition,0.2542291666666667,-4.639323246136401,0.6626388888888712,0.08430185119344813,-0.012670717255691437,0.0023733169211136063,2026-03-10 10:00:00
2026-03-08 172014_seal_unheated,W0025,2026-03-09 17:00:00,2026-03-10 17:00:00,2026-03-10 05:00:00,外部高湿驱动工况,transition_run,near_transition,0.2527013888888889,-4.638543653825692,0.7759722222222294,0.0822478081416973,-0.013182334121651984,0.0032271116406650474,2026-03-10 10:00:00
2026-03-08 172014_seal_unheated,W0026,2026-03-09 18:00:00,2026-03-10 18:00:00,2026-03-10 06:00:00,外部高湿驱动工况,transition_run,near_transition,0.2514305555555556,-4.637393901887636,0.899166666666666,0.07457525466759396,-0.012338754562432499,0.004599641437017761,2026-03-10 10:00:00
2026-03-08 172014_seal_unheated,W0027,2026-03-09 19:00:00,2026-03-10 19:00:00,2026-03-10 07:00:00,外部高湿驱动工况,transition_run,near_transition,0.24984722222222225,-4.636026280415628,1.0322083333333367,0.06325393950283598,-0.010238285739613896,0.006449230142220069,2026-03-10 10:00:00
2026-03-08 172014_seal_unheated,W0028,2026-03-09 20:00:00,2026-03-10 20:00:00,2026-03-10 08:00:00,外部高湿驱动工况,transition_run,near_transition,0.24852777777777776,-4.634187252258633,1.1754305555555504,0.04991039077936499,-0.0070217769505124435,0.008712728552908377,2026-03-10 10:00:00
2026-03-08 172014_seal_unheated,W0029,2026-03-09 21:00:00,2026-03-10 21:00:00,2026-03-10 09:00:00,外部高湿驱动工况,transition_run,near_transition,0.2476944444444445,-4.631604377974763,1.3266249999999928,0.03690105516670528,-0.003001976670458405,0.011233771117052068,2026-03-10 10:00:00
2026-03-08 172014_seal_unheated,W0030,2026-03-09 22:00:00,2026-03-10 22:00:00,2026-03-10 10:00:00,外部高湿驱动工况,transition_run,near_transition,0.24690972222222227,-4.628566047506657,1.4864027777777835,0.026550413151899654,0.001551147534174923,0.013904979302737387,2026-03-10 10:00:00
2026-03-08 172014_seal_unheated,W0031,2026-03-09 23:00:00,2026-03-10 23:00:00,2026-03-10 11:00:00,外部高湿驱动工况,transition_run,near_transition,0.24637499999999998,-4.624867992953843,1.5826111111111274,0.008726989657304784,0.006285842613509239,0.016569837866279784,2026-03-10 10:00:00
2026-03-08 172014_seal_unheated,W0032,2026-03-10 00:00:00,2026-03-11 00:00:00,2026-03-10 12:00:00,外部高湿驱动工况,transition_run,near_transition,0.24597222222222226,-4.620677031226604,1.6515972222222217,-0.0021697069366268806,0.010995931100451044,0.01912587460661529,2026-03-10 10:00:00
2026-03-08 172014_seal_unheated,W0033,2026-03-10 01:00:00,2026-03-11 01:00:00,2026-03-10 13:00:00,外部高湿驱动工况,transition_run,near_transition,0.24542361111111116,-4.616062990205813,1.700388888888881,-0.008618986458720279,0.015422409076435733,0.021473994723321697,2026-03-10 10:00:00
2026-03-08 172014_seal_unheated,W0034,2026-03-10 02:00:00,2026-03-11 02:00:00,2026-03-10 14:00:00,外部高湿驱动工况,transition_run,near_transition,0.24497222222222229,-4.611040118901775,1.7334166666666633,-0.01159612718783709,0.019316412713934476,0.02349727327594015,2026-03-10 10:00:00
2026-03-08 172014_seal_unheated,W0035,2026-03-10 03:00:00,2026-03-11 03:00:00,2026-03-10 15:00:00,外部高湿驱动工况,transition_run,near_transition,0.24460416666666676,-4.605678453711209,1.7504722222222142,-0.011190398694371773,0.022619498521892108,0.025168648623464622,2026-03-10 10:00:00
2026-03-08 172014_seal_unheated,W0036,2026-03-10 04:00:00,2026-03-11 04:00:00,2026-03-10 16:00:00,外部高湿驱动工况,transition_run,near_transition,0.2444930555555556,-4.599810810122675,1.752847222222229,-0.005276979165996565,0.025183275740504243,0.026406828676847332,2026-03-10 10:00:00
2026-03-08 172014_seal_unheated,W0037,2026-03-10 05:00:00,2026-03-11 05:00:00,2026-03-10 17:00:00,外部高湿驱动工况,transition_run,post_transition,0.24406250000000007,-4.593763531591867,1.7413194444444429,0.007312436325952021,0.026910354289303072,0.027180310691105113,2026-03-10 10:00:00
2026-03-08 172014_seal_unheated,W0038,2026-03-10 06:00:00,2026-03-11 06:00:00,2026-03-10 18:00:00,外部高湿驱动工况,transition_run,post_transition,0.24354166666666677,-4.587339525121915,1.7183194444444396,0.025533498863849147,0.027773324638854537,0.0274679516673107,2026-03-10 10:00:00
2026-03-08 172014_seal_unheated,W0039,2026-03-10 07:00:00,2026-03-11 07:00:00,2026-03-10 19:00:00,外部高湿驱动工况,transition_run,post_transition,0.2434652777777778,-4.580306557022461,1.6832499999999868,0.04818550728349713,0.027599373170044194,0.027205278854970608,2026-03-10 10:00:00
2026-03-08 172014_seal_unheated,W0040,2026-03-10 08:00:00,2026-03-11 08:00:00,2026-03-10 20:00:00,外部高湿驱动工况,transition_run,post_transition,0.24322916666666675,-4.573073092879705,1.637513888888897,0.07231792797849401,0.026315065873470732,0.026346284692920358,2026-03-10 10:00:00
2026-03-08 172014_seal_unheated,W0041,2026-03-10 09:00:00,2026-03-11 09:00:00,2026-03-10 21:00:00,外部高湿驱动工况,transition_run,post_transition,0.2428194444444445,-4.565680204371414,1.5818194444444416,0.09494729203999164,0.024006883621282588,0.024906235646130714,2026-03-10 10:00:00
2026-03-08 172014_seal_unheated,W0042,2026-03-10 10:00:00,2026-03-11 10:00:00,2026-03-10 22:00:00,外部高湿驱动工况,transition_run,post_transition,0.24281250000000001,-4.557851496855107,1.5162083333333385,0.11487868815120184,0.02087388283162996,0.022953399468644258,2026-03-10 10:00:00
2026-03-08 172014_seal_unheated,W0043,2026-03-10 11:00:00,2026-03-11 11:00:00,2026-03-10 23:00:00,外部高湿驱动工况,transition_run,post_transition,0.241125,-4.552663816033108,1.476222222222205,0.13568136418416543,0.017091556463956593,0.02107319812898304,2026-03-10 10:00:00
2026-03-08 172014_seal_unheated,W0044,2026-03-10 12:00:00,2026-03-11 12:00:00,2026-03-11 00:00:00,外部高湿驱动工况,transition_run,post_transition,0.24038194444444444,-4.546961792363525,1.4434861111111061,0.1496001846627859,0.013117477198045869,0.019195651411825755,2026-03-10 10:00:00
2026-03-08 172014_seal_unheated,W0045,2026-03-10 13:00:00,2026-03-11 13:00:00,2026-03-11 01:00:00,外部高湿驱动工况,transition_run,post_transition,0.23981944444444447,-4.541571201962418,1.4151805555555583,0.15760256294551045,0.009351708282945856,0.017452787430375514,2026-03-10 10:00:00
2026-03-08 172014_seal_unheated,W0046,2026-03-10 14:00:00,2026-03-11 14:00:00,2026-03-11 02:00:00,外部高湿驱动工况,transition_run,post_transition,0.2392847222222222,-4.536433240252286,1.3896388888888893,0.16080988448681488,0.006065017101081566,0.01591362852934482,2026-03-10 10:00:00
2026-03-08 172014_seal_unheated,W0047,2026-03-10 15:00:00,2026-03-11 15:00:00,2026-03-11 03:00:00,外部高湿驱动工况,transition_run,post_transition,0.23895833333333336,-4.531344681609734,1.3671666666666624,0.15985794289732347,0.0034564826466479633,0.014665887540486894,2026-03-10 10:00:00
2026-03-08 172014_seal_unheated,W0048,2026-03-10 16:00:00,2026-03-11 16:00:00,2026-03-11 04:00:00,外部高湿驱动工况,transition_run,post_transition,0.2398819444444444,-4.5254731657859075,1.3459166666666604,0.15395226783953309,0.001516527713833857,0.013690919957354924,2026-03-10 10:00:00
2026-03-08 172014_seal_unheated,W0049,2026-03-10 17:00:00,2026-03-11 17:00:00,2026-03-11 05:00:00,外部高湿驱动工况,transition_run,post_transition,0.24118749999999997,-4.519227663807364,1.3258472222222224,0.14175929924305652,0.00036835609051907435,0.013044689794125722,2026-03-10 10:00:00
2026-03-08 172014_seal_unheated,W0050,2026-03-10 18:00:00,2026-03-11 18:00:00,2026-03-11 06:00:00,外部高湿驱动工况,transition_run,post_transition,0.24287004864489228,-4.512555684185701,1.304619900324525,0.12430913198907234,0.00031044585896698577,0.012835334727037982,2026-03-10 10:00:00
2026-03-08 172014_seal_unheated,W0051,2026-03-10 19:00:00,2026-03-11 19:00:00,2026-03-11 07:00:00,外部高湿驱动工况,transition_run,post_transition,0.2445309242529534,-4.505730560771817,1.283859449853196,0.10121367730216946,0.0012671817154074495,0.013057575307070744,2026-03-10 10:00:00
2026-03-08 172014_seal_unheated,W0052,2026-03-10 20:00:00,2026-03-11 20:00:00,2026-03-11 08:00:00,外部高湿驱动工况,transition_run,post_transition,0.245767894371091,-4.49909183421999,1.2621147040643024,0.0759304105832852,0.0031934915944851205,0.013680564944876671,2026-03-10 10:00:00
2026-03-08 172014_seal_unheated,W0053,2026-03-10 21:00:00,2026-03-11 21:00:00,2026-03-11 09:00:00,外部高湿驱动工况,transition_run,post_transition,0.2468867268936761,-4.492475341774922,1.240760991346022,0.051729116642227346,0.005835816939019472,0.01460069023908635,2026-03-10 10:00:00
2026-03-08 172014_seal_unheated,W0054,2026-03-10 22:00:00,2026-03-11 22:00:00,2026-03-11 10:00:00,外部高湿驱动工况,transition_run,post_transition,0.2475469075747046,-4.48610651055173,1.2187426016071683,0.028859142692292394,0.008864315658175333,0.01567143423282106,2026-03-10 10:00:00
2026-03-08 172014_seal_unheated,W0055,2026-03-10 23:00:00,2026-03-11 23:00:00,2026-03-11 11:00:00,外部高湿驱动工况,transition_run,post_transition,0.2480681028492008,-4.47984772112692,1.1969628341832816,0.010046959503020148,0.012019868245008563,0.016793091795385094,2026-03-10 10:00:00
2026-03-08 172014_seal_unheated,W0056,2026-03-11 00:00:00,2026-03-12 00:00:00,2026-03-11 12:00:00,外部高湿驱动工况,transition_run,post_transition,0.24831132731063238,-4.473812984805748,1.1757275343841798,-0.003245980371018753,0.015151302067628268,0.01789232911662243,2026-03-10 10:00:00
2026-03-08 172014_seal_unheated,W0057,2026-03-11 01:00:00,2026-03-12 01:00:00,2026-03-11 13:00:00,外部高湿驱动工况,transition_run,post_transition,0.24852675469075744,-4.467870743818879,1.1552165623551218,-0.01015202996748421,0.01796582795811648,0.018876503105003224,2026-03-10 10:00:00
2026-03-08 172014_seal_unheated,W0058,2026-03-11 02:00:00,2026-03-12 02:00:00,2026-03-11 14:00:00,外部高湿驱动工况,transition_run,post_transition,0.24897150799166087,-4.461847215786517,1.135151966465763,-0.011693178111740643,0.02035417234903829,0.019681813308331103,2026-03-10 10:00:00
2026-03-08 172014_seal_unheated,W0059,2026-03-11 03:00:00,2026-03-12 03:00:00,2026-03-11 15:00:00,外部高湿驱动工况,transition_run,post_transition,0.24894371091035442,-4.456193311543446,1.1145752781641036,-0.009585728838605867,0.022192821222981482,0.02024478492851963,2026-03-10 10:00:00
2026-03-08 172014_seal_unheated,W0060,2026-03-11 04:00:00,2026-03-12 04:00:00,2026-03-11 16:00:00,外部高湿驱动工况,transition_run,post_transition,0.24908964558721333,-4.450367466685611,1.0954596468861055,-0.0038166541982889157,0.023363714759506344,0.02053466915601648,2026-03-10 10:00:00
2026-03-08 172014_seal_unheated,W0061,2026-03-11 05:00:00,2026-03-12 05:00:00,2026-03-11 17:00:00,外部高湿驱动工况,transition_run,post_transition,0.24922168172341908,-4.444652344955177,1.0780413382784602,0.007279050270869725,0.023749706061799148,0.02050921665173114,2026-03-10 10:00:00
2026-03-08 172014_seal_unheated,W0062,2026-03-11 06:00:00,2026-03-12 06:00:00,2026-03-11 18:00:00,外部高湿驱动工况,transition_run,post_transition,0.24953439888811674,-4.438858330560372,1.0617511783341058,0.023171912159059893,0.02328089557463083,0.020131790242278923,2026-03-10 10:00:00
2026-03-08 172014_seal_unheated,W0063,2026-03-11 07:00:00,2026-03-12 07:00:00,2026-03-11 19:00:00,外部高湿驱动工况,transition_run,post_transition,0.249819318971508,-4.4330463033297685,1.0463946067068477,0.044230866175777095,0.021823104697749802,0.019367971092344522,2026-03-10 10:00:00
2026-03-08 172014_seal_unheated,W0064,2026-03-11 08:00:00,2026-03-12 08:00:00,2026-03-11 20:00:00,外部高湿驱动工况,transition_run,post_transition,0.25018763029881863,-4.427055744993396,1.0328189808375825,0.0682749349623597,0.019277893579079896,0.01817854753999645,2026-03-10 10:00:00
2026-03-08 172014_seal_unheated,W0065,2026-03-11 09:00:00,2026-03-12 09:00:00,2026-03-11 21:00:00,外部高湿驱动工况,transition_run,post_transition,0.2508408617095205,-4.420776782829644,1.0193977940040355,0.09179931590002433,0.01572250312384968,0.016581866694757152,2026-03-10 10:00:00
2026-03-08 172014_seal_unheated,W0066,2026-03-11 10:00:00,2026-03-12 10:00:00,2026-03-11 22:00:00,外部高湿驱动工况,transition_run,post_transition,0.2510354412786658,-4.414686394968125,1.0082015917168832,0.11410985552500286,0.01149279633197137,0.014721246716051708,2026-03-10 10:00:00
2026-03-08 172014_seal_unheated,W0067,2026-03-11 11:00:00,2026-03-12 11:00:00,2026-03-11 23:00:00,外部高湿驱动工况,transition_run,post_transition,0.2511049339819319,-4.408674432695517,0.9981326495132024,0.13228997953855437,0.006923641550909303,0.01272575106062625,2026-03-10 10:00:00
2026-03-08 172014_seal_unheated,W0068,2026-03-11 12:00:00,2026-03-12 12:00:00,2026-03-12 00:00:00,外部高湿驱动工况,transition_run,post_transition,0.2512508686587908,-4.402525598868776,0.9892185520012262,0.14578062780378342,0.0024694983555789804,0.010769830851229494,2026-03-10 10:00:00
2026-03-08 172014_seal_unheated,W0069,2026-03-11 13:00:00,2026-03-12 13:00:00,2026-03-12 01:00:00,外部高湿驱动工况,transition_run,post_transition,0.25140375260597636,-4.396291560614808,0.9793610531602468,0.15326769186443112,-0.001558433494605584,0.008995059117091553,2026-03-10 10:00:00
2026-03-08 172014_seal_unheated,W0070,2026-03-11 14:00:00,2026-03-12 14:00:00,2026-03-12 02:00:00,外部高湿驱动工况,transition_run,post_transition,0.25161917998610145,-4.390025927261766,0.9690049258229152,0.15518875388578302,-0.004901169061541077,0.007498097918191127,2026-03-10 10:00:00
2026-03-08 172014_seal_unheated,W0071,2026-03-11 15:00:00,2026-03-12 15:00:00,2026-03-12 03:00:00,外部高湿驱动工况,transition_run,post_transition,0.25148019457956916,-4.384098468474411,0.9600262324215691,0.1536514019626809,-0.007261509196483218,0.006411101961234155,2026-03-10 10:00:00
2026-03-08 172014_seal_unheated,W0072,2026-03-11 16:00:00,2026-03-12 16:00:00,2026-03-12 04:00:00,外部高湿驱动工况,transition_run,post_transition,0.25075747046560115,-4.378697577498688,0.9502704952866665,0.14698370793927573,-0.008696785449555095,0.005705643569448533,2026-03-10 10:00:00
2026-03-08 172014_seal_unheated,W0073,2026-03-11 17:00:00,2026-03-12 17:00:00,2026-03-12 05:00:00,外部高湿驱动工况,transition_run,post_transition,0.25026407227241143,-4.373302435133779,0.93945974347087,0.13520424407166853,-0.009234367627435021,0.005374012612468853,2026-03-10 10:00:00
2026-03-08 172014_seal_unheated,W0074,2026-03-11 18:00:00,2026-03-12 18:00:00,2026-03-12 06:00:00,外部高湿驱动工况,transition_run,post_transition,0.24952777777777782,-4.368277617867767,0.9293333333333322,0.11800561601430903,-0.008629288851406222,0.0055156623771147155,2026-03-10 10:00:00
2026-03-08 172014_seal_unheated,W0075,2026-03-11 19:00:00,2026-03-12 19:00:00,2026-03-12 07:00:00,外部高湿驱动工况,transition_run,post_transition,0.2494375,-4.362768740204011,0.9187361111111016,0.09635499730031949,-0.007158554831371391,0.006035771925129684,2026-03-10 10:00:00
2026-03-08 172014_seal_unheated,W0076,2026-03-11 20:00:00,2026-03-12 20:00:00,2026-03-12 08:00:00,外部高湿驱动工况,transition_run,post_transition,0.2498888888888889,-4.356939890005593,0.9066805555555604,0.07200422111120375,-0.004797528058040013,0.0069323173664747224,2026-03-10 10:00:00
2026-03-08 172014_seal_unheated,W0077,2026-03-11 21:00:00,2026-03-12 21:00:00,2026-03-12 09:00:00,外部高湿驱动工况,transition_run,post_transition,0.25015277777777783,-4.351234060604225,0.8945694444444285,0.04734992237701352,-0.001807765022678169,0.008108166516905773,2026-03-10 10:00:00
2026-03-08 172014_seal_unheated,W0078,2026-03-11 22:00:00,2026-03-12 22:00:00,2026-03-12 10:00:00,外部高湿驱动工况,transition_run,post_transition,0.25049305555555557,-4.345541749583174,0.8806111111111079,0.02425873326819783,0.0015301574520261811,0.009428285988282754,2026-03-10 10:00:00
2026-03-08 172014_seal_unheated,W0079,2026-03-11 23:00:00,2026-03-12 23:00:00,2026-03-12 11:00:00,外部高湿驱动工况,transition_run,post_transition,0.2506944444444445,-4.3399710827326325,0.8658333333333346,0.005208652270145997,0.004975960674238356,0.01078846554082138,2026-03-10 10:00:00
2026-03-08 172014_seal_unheated,W0080,2026-03-12 00:00:00,2026-03-13 00:00:00,2026-03-12 12:00:00,外部高湿驱动工况,transition_run,post_transition,0.25102777777777785,-4.334313890051179,0.8500972222222316,-0.009255903269490773,0.00836283334591843,0.012104422085860479,2026-03-10 10:00:00
2026-03-08 172014_seal_unheated,W0081,2026-03-12 01:00:00,2026-03-13 01:00:00,2026-03-12 13:00:00,外部高湿驱动工况,transition_run,post_transition,0.25117361111111114,-4.328885215319888,0.8353750000000062,-0.01834849141228201,0.011521557157685196,0.013336293905638135,2026-03-10 10:00:00
2026-03-08 172014_seal_unheated,W0082,2026-03-12 02:00:00,2026-03-13 02:00:00,2026-03-12 14:00:00,外部高湿驱动工况,transition_run,post_transition,0.2510416666666666,-4.323603684494122,0.8226111111111081,-0.022236423490255675,0.014309859430073221,0.014422168142201463,2026-03-10 10:00:00
2026-03-08 172014_seal_unheated,W0083,2026-03-12 03:00:00,2026-03-13 03:00:00,2026-03-12 15:00:00,外部高湿驱动工况,transition_run,post_transition,0.25118749999999995,-4.318193370993415,0.8089305555555555,-0.021734430487859058,0.016571792594540394,0.015261620580566182,2026-03-10 10:00:00
2026-03-08 172014_seal_unheated,W0084,2026-03-12 04:00:00,2026-03-13 04:00:00,2026-03-12 16:00:00,外部高湿驱动工况,transition_run,post_transition,0.2511875,-4.312974974929934,0.7960138888888721,-0.015436359849759995,0.018212379799495883,0.01583668446511653,2026-03-10 10:00:00
2026-03-08 172014_seal_unheated,W0085,2026-03-12 05:00:00,2026-03-13 05:00:00,2026-03-12 17:00:00,外部高湿驱动工况,transition_run,post_transition,0.25124305555555554,-4.30773163665269,0.7839999999999989,-0.003968690025356381,0.019090896970889056,0.016089787291374315,2026-03-10 10:00:00
2026-03-08 172014_seal_unheated,W0086,2026-03-12 06:00:00,2026-03-13 06:00:00,2026-03-12 18:00:00,外部高湿驱动工况,transition_run,post_transition,0.25144444444444447,-4.302502177385061,0.7729027777777802,0.013545264951101643,0.019132276642876922,0.015976397800131322,2026-03-10 10:00:00
2026-03-08 172014_seal_unheated,W0087,2026-03-12 07:00:00,2026-03-13 07:00:00,2026-03-12 19:00:00,外部高湿驱动工况,transition_run,post_transition,0.25151388888888887,-4.297448638311203,0.7622500000000016,0.03428520648529787,0.018154981559345175,0.015433653634533695,2026-03-10 10:00:00
2026-03-08 172014_seal_unheated,W0088,2026-03-12 08:00:00,2026-03-13 08:00:00,2026-03-12 20:00:00,外部高湿驱动工况,transition_run,post_transition,0.2515833333333333,-4.292476120100131,0.7541111111111078,0.05692331869972023,0.016023053658006315,0.01441583869417148,2026-03-10 10:00:00
2026-03-08 172014_seal_unheated,W0089,2026-03-12 09:00:00,2026-03-13 09:00:00,2026-03-12 21:00:00,外部高湿驱动工况,transition_run,post_transition,0.25179166666666664,-4.287447827592626,0.7463611111111206,0.08022254364618409,0.012765355327481373,0.012921807592588432,2026-03-10 10:00:00
2026-03-08 172014_seal_unheated,W0090,2026-03-12 10:00:00,2026-03-13 10:00:00,2026-03-12 22:00:00,外部高湿驱动工况,transition_run,post_transition,0.25190972222222224,-4.282552486371375,0.740083333333331,0.10171979315540014,0.008672086340004182,0.011089168474346022,2026-03-10 10:00:00
2026-03-13 080032_unseal_heated,W0001,2026-03-13 08:00:00,2026-03-14 08:00:00,2026-03-13 20:00:00,热源启动窗口,transition_run,post_transition,6.1937039610840845,-0.6766674491860069,-1.2024080126719099,1.657743642065808,0.6730939157433978,0.4934206707689432,
2026-03-13 080032_unseal_heated,W0002,2026-03-13 09:00:00,2026-03-14 09:00:00,2026-03-13 21:00:00,热源启动窗口,transition_run,post_transition,6.479221681723418,-0.4802983869384799,-1.1583353036624757,1.398705596185748,0.567647365094466,0.42788778651688975,
2026-03-13 080032_unseal_heated,W0003,2026-03-13 10:00:00,2026-03-14 10:00:00,2026-03-13 22:00:00,热源启动窗口,transition_run,post_transition,6.765482974287699,-0.28257634440673274,-1.103793559728011,1.1279937603622403,0.446520079475729,0.3517266577791984,
2026-03-13 080032_unseal_heated,W0004,2026-03-13 11:00:00,2026-03-14 11:00:00,2026-03-13 23:00:00,复杂耦合工况,transition_run,post_transition,6.953951388888889,-0.1446736667365294,-0.7370972222222107,0.9664881738578937,0.3438878978353537,0.2875134249674405,
2026-03-13 080032_unseal_heated,W0005,2026-03-13 12:00:00,2026-03-14 12:00:00,2026-03-14 00:00:00,复杂耦合工况,transition_run,post_transition,7.039506944444444,-0.042214554589962976,-0.5001249999999828,0.8686059865973333,0.27440620965826146,0.23885339364659453,
2026-03-13 080032_unseal_heated,W0006,2026-03-13 13:00:00,2026-03-14 13:00:00,2026-03-14 01:00:00,复杂耦合工况,transition_run,post_transition,7.086562499999999,0.04179890707293262,-0.3513194444444494,0.7942633124152945,0.22181460326151106,0.19900957440211484,
2026-03-13 080032_unseal_heated,W0007,2026-03-13 14:00:00,2026-03-14 14:00:00,2026-03-14 02:00:00,热源稳定工况,transition_run,post_transition,7.111041666666666,0.10630923922162587,-0.24672222222222473,0.7496186092045736,0.1800416743023181,0.16571827240374368,
2026-03-13 080032_unseal_heated,W0008,2026-03-13 15:00:00,2026-03-14 15:00:00,2026-03-14 03:00:00,热源稳定工况,transition_run,post_transition,7.123819444444444,0.1630829975845701,-0.16997222222220643,0.7129339659939411,0.14705970574449356,0.1384078285858413,
2026-03-13 080032_unseal_heated,W0009,2026-03-13 16:00:00,2026-03-14 16:00:00,2026-03-14 04:00:00,热源稳定工况,transition_run,post_transition,7.130159944367176,0.21488748299228913,-0.11374130737134891,0.6756276791929616,0.12110298337191422,0.11629814358702911,
2026-03-13 080032_unseal_heated,W0010,2026-03-13 17:00:00,2026-03-14 17:00:00,2026-03-14 05:00:00,热源稳定工况,transition_run,post_transition,7.130271210013908,0.2630182729155949,-0.07043115438109737,0.6351918020486667,0.10073013702477623,0.09855502768968437,
2026-03-13 080032_unseal_heated,W0011,2026-03-13 18:00:00,2026-03-14 18:00:00,2026-03-14 06:00:00,热源稳定工况,transition_run,post_transition,7.13,0.2932762395873725,-0.04357452966714703,0.5938505033281277,0.08716437660165295,0.08646585480407565,
2026-03-14 174006_unseal_heated,W0001,2026-03-14 17:00:00,2026-03-15 17:00:00,2026-03-15 05:00:00,热源稳定工况,transition_run,post_transition,6.868797423049393,0.17499135007108102,0.38866050969251376,0.0657430299712635,0.023816160364599343,0.03896456147863645,
2026-03-14 174006_unseal_heated,W0002,2026-03-14 18:00:00,2026-03-15 18:00:00,2026-03-15 06:00:00,热源稳定工况,transition_run,post_transition,6.864144645340752,0.1797921343357576,0.41853963838664754,0.05441170769438808,0.024513798524951388,0.040018821288770594,
2026-03-14 174006_unseal_heated,W0003,2026-03-14 19:00:00,2026-03-15 19:00:00,2026-03-15 07:00:00,热源稳定工况,transition_run,post_transition,6.85317802503477,0.18377716895643822,0.4211821974965275,0.04007399121381064,0.02630959146653679,0.041444630175856284,
2026-03-14 174006_unseal_heated,W0004,2026-03-14 20:00:00,2026-03-15 20:00:00,2026-03-15 08:00:00,热源稳定工况,transition_run,post_transition,6.8476495132127955,0.20764515003031864,0.43420027816410567,-0.012887046545196928,0.02681901672318536,0.041636261566289315,
2026-03-14 174006_unseal_heated,W0005,2026-03-14 21:00:00,2026-03-15 21:00:00,2026-03-15 09:00:00,热源稳定工况,transition_run,post_transition,6.8468011126564665,0.2504593770674095,0.45840055632824317,-0.10572252819864614,0.025720961782603934,0.040213754805173564,
2026-03-14 174006_unseal_heated,W0006,2026-03-14 22:00:00,2026-03-15 22:00:00,2026-03-15 10:00:00,热源稳定工况,transition_run,post_transition,6.850751043115439,0.30674895952577563,0.4954520166898462,-0.22834495895904405,0.022889815110830665,0.03713363865962328,
2026-03-14 174006_unseal_heated,W0007,2026-03-14 23:00:00,2026-03-15 23:00:00,2026-03-15 11:00:00,热源稳定工况,transition_run,post_transition,6.857760778859528,0.37249808657351946,0.5416689847009764,-0.30849256796469904,0.018617343491746097,0.0327353263438504,
2026-03-14 174006_unseal_heated,W0008,2026-03-15 00:00:00,2026-03-16 00:00:00,2026-03-15 12:00:00,热源稳定工况,transition_run,post_transition,6.862275574112735,0.4182651467843992,0.5747739625989396,-0.27911561729233386,0.014691898563493093,0.0291020572765593,
2026-03-14 174006_unseal_heated,W0009,2026-03-15 01:00:00,2026-03-16 01:00:00,2026-03-15 13:00:00,热源稳定工况,transition_run,post_transition,6.855838552540014,0.4442442882732671,0.5908886917375966,-0.14703440775238258,0.014051094974099766,0.028826304001879726,
2026-03-14 174006_unseal_heated,W0010,2026-03-15 02:00:00,2026-03-16 02:00:00,2026-03-15 14:00:00,热源稳定工况,transition_run,post_transition,6.845657620041754,0.4633374638966045,0.5835217785457303,0.04050378282426964,0.015457635315226608,0.03034544301720307,
2026-03-14 174006_unseal_heated,W0011,2026-03-15 03:00:00,2026-03-16 03:00:00,2026-03-15 15:00:00,热源稳定工况,transition_run,post_transition,6.836019485038275,0.4803015477927713,0.5544975999628008,0.256335195404283,0.018093498065104248,0.0328026111673388,
2026-03-14 174006_unseal_heated,W0012,2026-03-15 04:00:00,2026-03-16 04:00:00,2026-03-15 16:00:00,热源稳定工况,transition_run,post_transition,6.829220598469033,0.4976717816248167,0.5047067654317061,0.479741795481117,0.021185672235734063,0.03551665417146879,
2026-03-14 174006_unseal_heated,W0013,2026-03-15 05:00:00,2026-03-16 05:00:00,2026-03-15 17:00:00,热源稳定工况,transition_run,post_transition,6.824314544189284,0.514802104150682,0.4267604534307665,0.5913617188788041,0.024474033565691684,0.03822471206582655,
2026-03-14 174006_unseal_heated,W0014,2026-03-15 06:00:00,2026-03-16 06:00:00,2026-03-15 18:00:00,热源稳定工况,transition_run,post_transition,6.820340988169799,0.5312045104230592,0.35158398580509953,0.6492133999758086,0.027836946623275,0.04080092761875448,
2026-03-14 174006_unseal_heated,W0015,2026-03-15 07:00:00,2026-03-16 07:00:00,2026-03-15 19:00:00,热源稳定工况,transition_run,post_transition,6.816993736951984,0.5468122921839594,0.28267058859991323,0.6870514536426271,0.031165431320760748,0.04315626050707742,
2026-03-14 174006_unseal_heated,W0016,2026-03-15 08:00:00,2026-03-16 08:00:00,2026-03-15 20:00:00,热源稳定工况,transition_run,post_transition,6.814182324286711,0.5615296036541919,0.2186285114345594,0.7216490036421496,0.034583795068463256,0.04541481390252054,
2026-03-14 174006_unseal_heated,W0017,2026-03-15 09:00:00,2026-03-16 09:00:00,2026-03-15 21:00:00,热源稳定工况,transition_run,post_transition,6.812108559498956,0.5755364292266608,0.1558250394194971,0.7569320921257313,0.03781719249054534,0.04719155895425808,
2026-03-14 174006_unseal_heated,W0018,2026-03-15 10:00:00,2026-03-16 10:00:00,2026-03-15 22:00:00,热源稳定工况,transition_run,post_transition,6.806650451702572,0.5879321573036708,0.09615795472105759,0.7899803603116113,0.040451505055893455,0.048193544578606876,
2026-03-14 174006_unseal_heated,W0019,2026-03-15 11:00:00,2026-03-16 11:00:00,2026-03-15 23:00:00,热源稳定工况,transition_run,post_transition,6.785594162612926,0.6075538251404747,0.037428488641637614,0.7798021400294152,0.04055554429912743,0.046313171346743086,
2026-03-14 174006_unseal_heated,W0020,2026-03-15 12:00:00,2026-03-16 12:00:00,2026-03-16 00:00:00,热源稳定工况,transition_run,post_transition,6.767039610840862,0.6348198351765438,-0.0043087428527215366,0.7115362933257476,0.039558951213019986,0.043841454773234194,
2026-03-14 174006_unseal_heated,W0021,2026-03-15 13:00:00,2026-03-16 13:00:00,2026-03-16 01:00:00,热源稳定工况,transition_run,post_transition,6.751216122307159,0.6714424716394058,-0.036113776850569934,0.6009108648853356,0.03922101723022316,0.04241022585715475,
2026-03-14 174006_unseal_heated,W0022,2026-03-15 14:00:00,2026-03-16 14:00:00,2026-03-16 02:00:00,热源稳定工况,transition_run,post_transition,6.740368311327312,0.71955055791207,-0.05982133750580232,0.4716228480888242,0.0390247324383372,0.04141817992519948,
2026-03-14 174006_unseal_heated,W0023,2026-03-15 15:00:00,2026-03-16 15:00:00,2026-03-16 03:00:00,热源稳定工况,transition_run,post_transition,6.7344127866574,0.7764245262244429,-0.074556560037081,0.33585574840233057,0.03816708118689887,0.039963938840894324,
2026-03-14 174006_unseal_heated,W0024,2026-03-15 16:00:00,2026-03-16 16:00:00,2026-03-16 04:00:00,热源稳定工况,transition_run,post_transition,6.730403057678943,0.8319451745204562,-0.0798896422500377,0.18900749343812018,0.03615288915094785,0.03770015564374391,
2026-03-14 174006_unseal_heated,W0025,2026-03-15 17:00:00,2026-03-16 17:00:00,2026-03-16 05:00:00,热源稳定工况,transition_run,post_transition,6.717136900625434,0.8530623982850708,-0.06784165893988359,0.08551097070934688,0.03680640934999014,0.039077937878573256,
2026-03-14 174006_unseal_heated,W0026,2026-03-15 18:00:00,2026-03-16 18:00:00,2026-03-16 06:00:00,热源稳定工况,transition_run,post_transition,6.692717164697708,0.8543320905175633,-0.05646208082212212,-0.002504715337166563,0.04176774414938901,0.04524705333166519,
2026-03-14 174006_unseal_heated,W0027,2026-03-15 19:00:00,2026-03-16 19:00:00,2026-03-16 07:00:00,热源稳定工况,transition_run,post_transition,6.663676164002782,0.8453252206475025,-0.049447940812854085,-0.08948529582621145,0.05013930358966503,0.0551769479442864,
2026-03-14 174006_unseal_heated,W0028,2026-03-15 20:00:00,2026-03-16 20:00:00,2026-03-16 08:00:00,热源稳定工况,transition_run,post_transition,6.636949270326617,0.8357451540678432,-0.04595101220832731,-0.17259576997512238,0.06065915018920626,0.06748890896444205,
2026-03-14 174006_unseal_heated,W0029,2026-03-15 21:00:00,2026-03-16 21:00:00,2026-03-16 09:00:00,热源稳定工况,transition_run,post_transition,6.615719249478805,0.8302892969036637,-0.04424669680111748,-0.24672815403683745,0.07142503201034998,0.07997828649137599,
2026-03-14 174006_unseal_heated,W0030,2026-03-15 22:00:00,2026-03-16 22:00:00,2026-03-16 10:00:00,热源稳定工况,transition_run,post_transition,6.599047949965254,0.8291634638591022,-0.046100506104167494,-0.30733005854779927,0.08114240289476117,0.091248750501871,
2026-03-14 174006_unseal_heated,W0031,2026-03-15 23:00:00,2026-03-16 23:00:00,2026-03-16 11:00:00,热源稳定工况,transition_run,post_transition,6.585552466990967,0.8312177348268568,-0.05030393293154134,-0.33203660487250586,0.08903496667161163,0.10043244269895076,
2026-03-14 174006_unseal_heated,W0032,2026-03-16 00:00:00,2026-03-17 00:00:00,2026-03-16 12:00:00,热源稳定工况,transition_run,post_transition,6.573680555555556,0.8345789688109931,-0.05776388888889272,-0.3115235602518971,0.09476427580668335,0.10717070436970931,
2026-03-14 174006_unseal_heated,W0033,2026-03-16 01:00:00,2026-03-17 01:00:00,2026-03-16 13:00:00,热源稳定工况,transition_run,post_transition,6.562638888888889,0.8388352939246254,-0.06104166666666799,-0.26570763111066753,0.09840848833176527,0.11148196365186085,
2026-03-14 174006_unseal_heated,W0034,2026-03-16 02:00:00,2026-03-17 02:00:00,2026-03-16 14:00:00,热源稳定工况,transition_run,post_transition,6.553673611111112,0.844749137794579,-0.05688888888888499,-0.2208979448574483,0.09972831292397169,0.11318094840625785,
2026-03-14 174006_unseal_heated,W0035,2026-03-16 03:00:00,2026-03-17 03:00:00,2026-03-16 15:00:00,热源稳定工况,transition_run,post_transition,6.546645833333334,0.8515652835578738,-0.048013888888895906,-0.18534083849682947,0.09871821480101904,0.11215534790437863,
2026-03-14 174006_unseal_heated,W0036,2026-03-16 04:00:00,2026-03-17 04:00:00,2026-03-16 16:00:00,热源稳定工况,transition_run,post_transition,6.539583333333334,0.8580970295037973,-0.03745833333333337,-0.136572437054872,0.09537388464497135,0.10852502073293058,
2026-03-14 174006_unseal_heated,W0037,2026-03-16 05:00:00,2026-03-17 05:00:00,2026-03-16 17:00:00,热源稳定工况,transition_run,post_transition,6.532930555555556,0.86463807002853,-0.031097222222214782,-0.062300203337293136,0.08981110308563751,0.10235981658701221,
2026-03-14 174006_unseal_heated,W0038,2026-03-16 06:00:00,2026-03-17 06:00:00,2026-03-16 18:00:00,热源稳定工况,transition_run,post_transition,6.526645833333332,0.8711662911430144,-0.024319444444444116,0.03617137599367193,0.08215336019578322,0.09380958870834134,
2026-03-14 174006_unseal_heated,W0039,2026-03-16 07:00:00,2026-03-17 07:00:00,2026-03-16 19:00:00,热源稳定工况,transition_run,post_transition,6.520215277777778,0.8773236658107294,-0.01484722222221535,0.15342000040157022,0.07243911963175416,0.08290536780897464,
2026-03-14 174006_unseal_heated,W0040,2026-03-16 08:00:00,2026-03-17 08:00:00,2026-03-16 20:00:00,热源稳定工况,transition_run,post_transition,6.5140625,0.8831525852216459,-0.001638888888876977,0.26729069081644896,0.06072629913471293,0.06975756389881013,
2026-03-14 174006_unseal_heated,W0041,2026-03-16 09:00:00,2026-03-17 09:00:00,2026-03-16 21:00:00,热源稳定工况,transition_run,post_transition,6.508784722222223,0.8895589968410977,0.015986111111111256,0.3650960958477464,0.04695737954834824,0.054258484254673896,
2026-03-14 174006_unseal_heated,W0042,2026-03-16 10:00:00,2026-03-17 10:00:00,2026-03-16 22:00:00,热源稳定工况,transition_run,post_transition,6.503840277777778,0.8964066948104292,0.036236111111115576,0.44160294848481885,0.03129020714813752,0.03665682743723764,
2026-03-14 174006_unseal_heated,W0043,2026-03-16 11:00:00,2026-03-17 11:00:00,2026-03-16 23:00:00,热源稳定工况,transition_run,post_transition,6.502555555555555,0.9095613843870666,0.056375000000009834,0.4884931627803666,0.014418920821223454,0.017709726217136103,
2026-03-14 174006_unseal_heated,W0044,2026-03-16 12:00:00,2026-03-17 12:00:00,2026-03-17 00:00:00,热源稳定工况,transition_run,post_transition,6.507395833333335,0.9322370830102295,0.07545833333333718,0.5068397886503698,-0.001721642024054212,-0.0003717180948029281,
2026-03-14 174006_unseal_heated,W0045,2026-03-16 13:00:00,2026-03-17 13:00:00,2026-03-17 01:00:00,热源稳定工况,transition_run,post_transition,6.515416666666667,0.959578571313729,0.08990277777777322,0.5071941858888747,-0.01579633335261542,-0.016311217793896816,
2026-03-14 174006_unseal_heated,W0046,2026-03-16 14:00:00,2026-03-17 14:00:00,2026-03-17 02:00:00,热源稳定工况,transition_run,post_transition,6.522673611111111,0.985287802589898,0.09661111111111609,0.5019752744480864,-0.028328337941997232,-0.03065678811694387,
2026-03-14 174006_unseal_heated,W0047,2026-03-16 15:00:00,2026-03-17 15:00:00,2026-03-17 03:00:00,热源稳定工况,transition_run,post_transition,6.527833333333334,1.0075567050371401,0.09897222222222268,0.4973236814553623,-0.039906467618089886,-0.044058613440221515,
2026-03-14 174006_unseal_heated,W0048,2026-03-16 16:00:00,2026-03-17 16:00:00,2026-03-17 04:00:00,热源稳定工况,transition_run,post_transition,6.529442836468885,1.0185985082383286,0.09837916063676744,0.48759899028293185,-0.050118572211268204,-0.055862080706600196,
